{
  "database": {
    "rules": "database.rules.json"
  },
  "functions": {
    "predeploy": [
      "npm --prefix \"$RESOURCE_DIR\" run lint",
      "npm --prefix \"$RESOURCE_DIR\" run build"
    ]
  },
  "hosting": {
    "public": "y",
    "ignore": [
      "firebase.json",
      "**/.*",
      "**/node_modules/**"
    ],
    "rewrites": [
      {
        "source": "**",
        "destination": "/index.html"
      }
    ]
  },
  "emulators": {
    "functions": {
      "port": 5001
    },
    "firestore": {
      "port": 8080
    },
    "database": {
      "port": 9000
    },
    "hosting": {
      "port": 5000
    },
    "pubsub": {
      "port": 8085
    }
  }
}
